asset_id,asset_type,name,location,progress,criticality,priority,status
101,Road,"Kilpauk Road","Kilpauk",80,55,392,"Maintenance"
102,Drainage,"Sholinganallur Drainage","Sholinganallur",40,51,296,"Operational"
103,Pipeline,"Nungambakkam Pipeline","Nungambakkam",69,72,231,"Maintenance"
104,Bridge,"Mogappair Bridge","Mogappair",66,27,526,"Under Repair"
105,Pipeline,"Anna Nagar Pipeline","Anna Nagar",57,97,43,"Faulty"
106,Road,"Sholinganallur Road","Sholinganallur",74,66,293,"Operational"
107,Traffic Light,"Triplicane Traffic Light","Triplicane",78,30,537,"Faulty"
108,Pipeline,"Ambattur Pipeline","Ambattur",73,18,572,"Faulty"
109,Pipeline,"Porur Pipeline","Porur",55,95,49,"Severely Damaged"
110,Street Light,"Pallavaram Street Light","Pallavaram",48,48,338,"Under Repair"
111,Bridge,"Kilpauk Bridge","Kilpauk",82,98,99,"Severely Damaged"
112,Pipeline,"Guindy Pipeline","Guindy",47,20,516,"Operational"
113,Road,"Thiruvanmiyur Road","Thiruvanmiyur",89,76,265,"Maintenance"
114,Traffic Light,"Perambur Traffic Light","Perambur",22,18,457,"Maintenance"
115,Traffic Light,"Velachery Traffic Light","Velachery",44,10,560,"Operational"
116,Bridge,"Nungambakkam Bridge","Nungambakkam",52,52,322,"Under Repair"
117,Street Light,"Alwarpet Street Light","Alwarpet",47,50,320,"Severely Damaged"
118,Road,"Kilpauk Road","Kilpauk",50,84,101,"Operational"
119,Drainage,"Egmore Drainage","Egmore",66,45,418,"Faulty"
120,Traffic Light,"Washermanpet Traffic Light","Washermanpet",93,86,206,"Severely Damaged"
121,Pipeline,"Avadi Pipeline","Avadi",79,56,381,"Operational"
122,Traffic Light,"Royapettah Traffic Light","Royapettah",51,81,128,"Operational"
123,Pipeline,"Pallavaram Pipeline","Pallavaram",100,86,226,"Operational"
124,Traffic Light,"Ambattur Traffic Light","Ambattur",89,60,382,"Faulty"
125,Pipeline,"Porur Pipeline","Porur",20,73,87,"Faulty"
126,Street Light,"Anna Nagar Street Light","Anna Nagar",31,26,436,"Maintenance"
127,Drainage,"Adyar Drainage","Adyar",78,78,212,"Operational"
128,Traffic Light,"Perungudi Traffic Light","Perungudi",97,73,313,"Severely Damaged"
129,Drainage,"Tambaram Drainage","Tambaram",70,84,164,"Under Repair"
130,Traffic Light,"Velachery Traffic Light","Velachery",9,62,135,"Operational"
131,Drainage,"Sholinganallur Drainage","Sholinganallur",31,41,337,"Faulty"
132,Bridge,"Perambur Bridge","Perambur",52,96,37,"Under Repair"
133,Pipeline,"Velachery Pipeline","Velachery",61,19,555,"Severely Damaged"
134,Traffic Light,"Egmore Traffic Light","Egmore",23,97,8,"Operational"
135,Road,"Washermanpet Road","Washermanpet",68,43,430,"Maintenance"
136,Bridge,"Ambattur Bridge","Ambattur",71,94,92,"Under Repair"
137,Bridge,"Perambur Bridge","Perambur",8,11,464,"Severely Damaged"
138,Traffic Light,"Tondiarpet Traffic Light","Tondiarpet",84,83,198,"Severely Damaged"
139,Traffic Light,"Guindy Traffic Light","Guindy",90,92,165,"Maintenance"
140,Traffic Light,"Tondiarpet Traffic Light","Tondiarpet",11,92,7,"Faulty"
141,Pipeline,"Alwarpet Pipeline","Alwarpet",28,75,98,"Under Repair"
142,Bridge,"Besant Nagar Bridge","Besant Nagar",90,62,369,"Severely Damaged"
143,Road,"Washermanpet Road","Washermanpet",61,66,252,"Under Repair"
144,Street Light,"Velachery Street Light","Velachery",17,71,91,"Severely Damaged"
145,Pipeline,"Velachery Pipeline","Velachery",18,47,256,"Operational"
146,Road,"Besant Nagar Road","Besant Nagar",84,74,263,"Severely Damaged"
147,Pipeline,"Medavakkam Pipeline","Medavakkam",49,97,29,"Faulty"
148,Pipeline,"Kodambakkam Pipeline","Kodambakkam",90,93,158,"Severely Damaged"
149,Pipeline,"Velachery Pipeline","Velachery",4,26,362,"Faulty"
150,Bridge,"Adyar Bridge","Adyar",93,79,259,"Under Repair"
151,Bridge,"Thiruvanmiyur Bridge","Thiruvanmiyur",37,41,354,"Severely Damaged"
152,Pipeline,"Avadi Pipeline","Avadi",75,59,341,"Under Repair"
153,Bridge,"Egmore Bridge","Egmore",19,13,479,"Under Repair"
154,Traffic Light,"Mogappair Traffic Light","Mogappair",55,99,30,"Operational"
155,Pipeline,"Thiruvanmiyur Pipeline","Thiruvanmiyur",45,54,288,"Severely Damaged"
156,Road,"Alwarpet Road","Alwarpet",17,24,419,"Faulty"
157,Bridge,"Avadi Bridge","Avadi",0,59,130,"Maintenance"
158,Street Light,"Tambaram Street Light","Tambaram",27,14,497,"Under Repair"
159,Bridge,"Tondiarpet Bridge","Tondiarpet",63,88,115,"Operational"
160,Pipeline,"Chromepet Pipeline","Chromepet",14,86,20,"Faulty"
161,Bridge,"Avadi Bridge","Avadi",2,70,61,"Severely Damaged"
162,Traffic Light,"Perambur Traffic Light","Perambur",13,46,244,"Operational"
163,Traffic Light,"Anna Nagar Traffic Light","Anna Nagar",8,56,169,"Under Repair"
164,Traffic Light,"Kilpauk Traffic Light","Kilpauk",11,76,50,"Maintenance"
165,Road,"Tondiarpet Road","Tondiarpet",16,54,197,"Under Repair"
166,Traffic Light,"Mogappair Traffic Light","Mogappair",18,51,225,"Under Repair"
167,Street Light,"T Nagar Street Light","T Nagar",60,99,40,"Faulty"
168,Drainage,"Avadi Drainage","Avadi",34,21,469,"Severely Damaged"
169,Road,"Pallavaram Road","Pallavaram",12,26,391,"Operational"
170,Road,"Alwarpet Road","Alwarpet",19,19,448,"Faulty"
171,Road,"Mylapore Road","Mylapore",67,51,378,"Operational"
172,Drainage,"Kolathur Drainage","Kolathur",99,48,475,"Operational"
173,Pipeline,"Besant Nagar Pipeline","Besant Nagar",38,43,344,"Operational"
174,Traffic Light,"Anna Nagar Traffic Light","Anna Nagar",86,94,141,"Under Repair"
175,Bridge,"Mylapore Bridge","Mylapore",61,51,356,"Severely Damaged"
176,Street Light,"Besant Nagar Street Light","Besant Nagar",100,24,589,"Maintenance"
177,Bridge,"Kilpauk Bridge","Kilpauk",8,61,138,"Under Repair"
178,Traffic Light,"Kilpauk Traffic Light","Kilpauk",34,25,451,"Under Repair"
179,Drainage,"Anna Nagar Drainage","Anna Nagar",83,10,598,"Maintenance"
180,Road,"Tondiarpet Road","Tondiarpet",49,11,565,"Severely Damaged"
181,Street Light,"Triplicane Street Light","Triplicane",51,23,505,"Maintenance"
182,Street Light,"Medavakkam Street Light","Medavakkam",46,83,94,"Under Repair"
183,Road,"Anna Nagar Road","Anna Nagar",85,80,224,"Operational"
184,Bridge,"Royapettah Bridge","Royapettah",96,22,591,"Operational"
185,Street Light,"Guindy Street Light","Guindy",39,73,147,"Faulty"
186,Bridge,"Kolathur Bridge","Kolathur",54,27,486,"Severely Damaged"
187,Drainage,"Chromepet Drainage","Chromepet",38,51,289,"Under Repair"
188,Road,"Porur Road","Porur",97,11,600,"Under Repair"
189,Traffic Light,"Chromepet Traffic Light","Chromepet",39,71,160,"Under Repair"
190,Bridge,"Besant Nagar Bridge","Besant Nagar",37,33,415,"Operational"
191,Traffic Light,"Tambaram Traffic Light","Tambaram",28,79,73,"Severely Damaged"
192,Pipeline,"Velachery Pipeline","Velachery",25,10,523,"Operational"
193,Street Light,"Anna Nagar Street Light","Anna Nagar",83,29,553,"Severely Damaged"
194,Street Light,"Medavakkam Street Light","Medavakkam",33,24,453,"Maintenance"
195,Pipeline,"Velachery Pipeline","Velachery",4,87,13,"Maintenance"
196,Street Light,"Triplicane Street Light","Triplicane",27,95,18,"Faulty"
197,Street Light,"Porur Street Light","Porur",91,90,178,"Maintenance"
198,Traffic Light,"Kilpauk Traffic Light","Kilpauk",86,23,574,"Operational"
199,Pipeline,"Alwarpet Pipeline","Alwarpet",91,99,120,"Maintenance"
200,Bridge,"Royapettah Bridge","Royapettah",83,88,170,"Severely Damaged"
201,Traffic Light,"Thiruvanmiyur Traffic Light","Thiruvanmiyur",75,74,237,"Faulty"
202,Traffic Light,"Perambur Traffic Light","Perambur",76,100,68,"Severely Damaged"
203,Pipeline,"Velachery Pipeline","Velachery",8,78,33,"Severely Damaged"
204,Street Light,"Alwarpet Street Light","Alwarpet",62,62,284,"Operational"
205,Road,"Alwarpet Road","Alwarpet",18,61,166,"Under Repair"
206,Road,"Thiruvanmiyur Road","Thiruvanmiyur",16,43,280,"Faulty"
207,Pipeline,"Nungambakkam Pipeline","Nungambakkam",15,68,113,"Under Repair"
208,Drainage,"Sholinganallur Drainage","Sholinganallur",68,12,585,"Maintenance"
209,Drainage,"Anna Nagar Drainage","Anna Nagar",26,75,90,"Operational"
210,Traffic Light,"Nungambakkam Traffic Light","Nungambakkam",100,98,151,"Faulty"
211,Bridge,"Washermanpet Bridge","Washermanpet",59,38,437,"Severely Damaged"
212,Drainage,"Guindy Drainage","Guindy",81,12,595,"Under Repair"
213,Road,"Tambaram Road","Tambaram",14,43,271,"Operational"
214,Road,"Adyar Road","Adyar",24,90,21,"Maintenance"
215,Traffic Light,"Ambattur Traffic Light","Ambattur",82,93,136,"Operational"
216,Traffic Light,"Mogappair Traffic Light","Mogappair",6,70,69,"Under Repair"
217,Drainage,"Ambattur Drainage","Ambattur",64,78,179,"Faulty"
218,Street Light,"Mogappair Street Light","Mogappair",55,48,360,"Maintenance"
219,Street Light,"Nungambakkam Street Light","Nungambakkam",11,53,190,"Severely Damaged"
220,Road,"Perungudi Road","Perungudi",85,65,331,"Operational"
221,Street Light,"Anna Nagar Street Light","Anna Nagar",69,93,93,"Operational"
222,Street Light,"Kolathur Street Light","Kolathur",86,19,588,"Faulty"
223,Traffic Light,"Washermanpet Traffic Light","Washermanpet",83,77,241,"Maintenance"
224,Street Light,"Medavakkam Street Light","Medavakkam",69,31,502,"Faulty"
225,Road,"T Nagar Road","T Nagar",48,55,292,"Severely Damaged"
226,Road,"Washermanpet Road","Washermanpet",38,29,438,"Severely Damaged"
227,Road,"Kolathur Road","Kolathur",100,95,172,"Operational"
228,Pipeline,"Royapettah Pipeline","Royapettah",62,45,407,"Faulty"
229,Pipeline,"Pallavaram Pipeline","Pallavaram",93,84,218,"Operational"
230,Drainage,"T Nagar Drainage","T Nagar",86,94,142,"Severely Damaged"
231,Traffic Light,"Medavakkam Traffic Light","Medavakkam",59,85,123,"Operational"
232,Street Light,"Royapettah Street Light","Royapettah",57,51,347,"Severely Damaged"
233,Drainage,"Velachery Drainage","Velachery",8,76,44,"Under Repair"
234,Traffic Light,"Egmore Traffic Light","Egmore",53,25,498,"Severely Damaged"
235,Bridge,"Egmore Bridge","Egmore",96,94,167,"Severely Damaged"
236,Traffic Light,"Mylapore Traffic Light","Mylapore",56,22,531,"Maintenance"
237,Bridge,"Thiruvanmiyur Bridge","Thiruvanmiyur",34,37,377,"Under Repair"
238,Traffic Light,"Royapettah Traffic Light","Royapettah",61,58,306,"Faulty"
239,Traffic Light,"Alwarpet Traffic Light","Alwarpet",39,22,478,"Under Repair"
240,Road,"Mogappair Road","Mogappair",41,93,31,"Under Repair"
241,Traffic Light,"Medavakkam Traffic Light","Medavakkam",15,19,439,"Faulty"
242,Drainage,"Adyar Drainage","Adyar",52,45,375,"Severely Damaged"
243,Traffic Light,"Tambaram Traffic Light","Tambaram",52,23,513,"Under Repair"
244,Traffic Light,"Kilpauk Traffic Light","Kilpauk",82,31,541,"Faulty"
245,Traffic Light,"Tambaram Traffic Light","Tambaram",94,41,511,"Severely Damaged"
246,Bridge,"Nungambakkam Bridge","Nungambakkam",96,47,473,"Operational"
247,Road,"Adyar Road","Adyar",42,82,89,"Severely Damaged"
248,Road,"Egmore Road","Egmore",70,56,351,"Severely Damaged"
249,Traffic Light,"Porur Traffic Light","Porur",100,99,148,"Operational"
250,Traffic Light,"Nungambakkam Traffic Light","Nungambakkam",51,77,152,"Severely Damaged"
251,Traffic Light,"Besant Nagar Traffic Light","Besant Nagar",3,89,6,"Severely Damaged"
252,Drainage,"Thiruvanmiyur Drainage","Thiruvanmiyur",54,36,435,"Operational"
253,Bridge,"Velachery Bridge","Velachery",86,99,107,"Faulty"
254,Traffic Light,"Porur Traffic Light","Porur",54,85,109,"Operational"
255,Traffic Light,"Alwarpet Traffic Light","Alwarpet",6,75,45,"Maintenance"
256,Drainage,"Velachery Drainage","Velachery",17,62,155,"Faulty"
257,Road,"Washermanpet Road","Washermanpet",45,23,488,"Maintenance"
258,Street Light,"Besant Nagar Street Light","Besant Nagar",24,27,417,"Severely Damaged"
259,Pipeline,"Kodambakkam Pipeline","Kodambakkam",50,32,449,"Faulty"
260,Drainage,"Thiruvanmiyur Drainage","Thiruvanmiyur",31,50,272,"Maintenance"
261,Road,"Egmore Road","Egmore",0,40,249,"Faulty"
262,Drainage,"Pallavaram Drainage","Pallavaram",60,91,83,"Maintenance"
263,Road,"Royapettah Road","Royapettah",65,29,506,"Maintenance"
264,Bridge,"Chromepet Bridge","Chromepet",8,66,102,"Operational"
265,Traffic Light,"Pallavaram Traffic Light","Pallavaram",26,55,221,"Maintenance"
266,Drainage,"Perambur Drainage","Perambur",83,34,528,"Severely Damaged"
267,Road,"Perungudi Road","Perungudi",23,30,395,"Operational"
268,Traffic Light,"Adyar Traffic Light","Adyar",42,41,372,"Operational"
269,Drainage,"Adyar Drainage","Adyar",52,24,501,"Under Repair"
270,Bridge,"Porur Bridge","Porur",35,18,494,"Maintenance"
271,Road,"Mylapore Road","Mylapore",7,91,5,"Maintenance"
272,Traffic Light,"Tondiarpet Traffic Light","Tondiarpet",65,56,333,"Faulty"
273,Pipeline,"Kodambakkam Pipeline","Kodambakkam",59,80,156,"Severely Damaged"
274,Pipeline,"Velachery Pipeline","Velachery",61,50,365,"Maintenance"
275,Drainage,"Avadi Drainage","Avadi",76,89,146,"Severely Damaged"
276,Drainage,"Anna Nagar Drainage","Anna Nagar",63,28,508,"Maintenance"
277,Bridge,"Porur Bridge","Porur",55,83,126,"Severely Damaged"
278,Road,"Velachery Road","Velachery",8,35,309,"Severely Damaged"
279,Street Light,"Washermanpet Street Light","Washermanpet",73,71,254,"Maintenance"
280,Street Light,"Avadi Street Light","Avadi",69,35,476,"Under Repair"
281,Road,"Triplicane Road","Triplicane",75,20,571,"Under Repair"
282,Drainage,"Sholinganallur Drainage","Sholinganallur",32,53,257,"Under Repair"
283,Pipeline,"Thiruvanmiyur Pipeline","Thiruvanmiyur",14,92,11,"Maintenance"
284,Bridge,"Saidapet Bridge","Saidapet",88,92,162,"Faulty"
285,Pipeline,"Nungambakkam Pipeline","Nungambakkam",62,31,481,"Maintenance"
286,Street Light,"Washermanpet Street Light","Washermanpet",22,57,195,"Under Repair"
287,Pipeline,"Perungudi Pipeline","Perungudi",90,85,204,"Maintenance"
288,Traffic Light,"Medavakkam Traffic Light","Medavakkam",33,58,222,"Operational"
289,Street Light,"Perungudi Street Light","Perungudi",76,98,82,"Faulty"
290,Road,"Perambur Road","Perambur",4,56,161,"Severely Damaged"
291,Bridge,"Tondiarpet Bridge","Tondiarpet",100,99,149,"Operational"
292,Traffic Light,"T Nagar Traffic Light","T Nagar",40,64,199,"Maintenance"
293,Pipeline,"Washermanpet Pipeline","Washermanpet",90,31,557,"Maintenance"
294,Street Light,"Perambur Street Light","Perambur",99,79,274,"Operational"
295,Traffic Light,"Tambaram Traffic Light","Tambaram",47,21,509,"Faulty"
296,Traffic Light,"Kilpauk Traffic Light","Kilpauk",2,90,3,"Severely Damaged"
297,Pipeline,"Pallavaram Pipeline","Pallavaram",19,48,253,"Under Repair"
298,Road,"Avadi Road","Avadi",21,80,51,"Faulty"
299,Pipeline,"T Nagar Pipeline","T Nagar",4,34,304,"Maintenance"
300,Traffic Light,"Ambattur Traffic Light","Ambattur",10,38,298,"Faulty"
301,Street Light,"Kolathur Street Light","Kolathur",59,26,512,"Under Repair"
302,Road,"Medavakkam Road","Medavakkam",94,77,273,"Severely Damaged"
303,Street Light,"Thiruvanmiyur Street Light","Thiruvanmiyur",21,36,340,"Under Repair"
304,Bridge,"Nungambakkam Bridge","Nungambakkam",0,36,281,"Severely Damaged"
305,Traffic Light,"Tondiarpet Traffic Light","Tondiarpet",0,79,22,"Maintenance"
306,Bridge,"Thiruvanmiyur Bridge","Thiruvanmiyur",76,62,323,"Maintenance"
307,Road,"Besant Nagar Road","Besant Nagar",11,72,71,"Faulty"
308,Bridge,"Porur Bridge","Porur",64,66,260,"Severely Damaged"
309,Drainage,"Kodambakkam Drainage","Kodambakkam",38,85,64,"Operational"
310,Street Light,"Mylapore Street Light","Mylapore",52,31,456,"Operational"
311,Bridge,"Chromepet Bridge","Chromepet",15,26,400,"Maintenance"
312,Street Light,"Adyar Street Light","Adyar",2,52,174,"Under Repair"
313,Pipeline,"Guindy Pipeline","Guindy",20,85,27,"Faulty"
314,Bridge,"Perambur Bridge","Perambur",80,11,596,"Maintenance"
315,Drainage,"Besant Nagar Drainage","Besant Nagar",85,15,592,"Operational"
316,Road,"Perambur Road","Perambur",3,68,74,"Maintenance"
317,Road,"Chromepet Road","Chromepet",68,20,561,"Under Repair"
318,Bridge,"Royapettah Bridge","Royapettah",49,95,36,"Operational"
319,Drainage,"Kolathur Drainage","Kolathur",73,62,315,"Operational"
320,Bridge,"Pallavaram Bridge","Pallavaram",64,22,546,"Maintenance"
321,Pipeline,"Alwarpet Pipeline","Alwarpet",78,36,495,"Operational"
322,Traffic Light,"Alwarpet Traffic Light","Alwarpet",13,80,34,"Under Repair"
323,Street Light,"Velachery Street Light","Velachery",63,95,66,"Under Repair"
324,Drainage,"Kolathur Drainage","Kolathur",15,95,4,"Maintenance"
325,Pipeline,"Mogappair Pipeline","Mogappair",43,30,443,"Operational"
326,Road,"Mylapore Road","Mylapore",45,39,398,"Maintenance"
327,Bridge,"Besant Nagar Bridge","Besant Nagar",97,45,491,"Maintenance"
328,Traffic Light,"Pallavaram Traffic Light","Pallavaram",54,93,55,"Operational"
329,Street Light,"Perambur Street Light","Perambur",49,69,192,"Operational"
330,Road,"Chromepet Road","Chromepet",63,87,121,"Maintenance"
331,Drainage,"Mylapore Drainage","Mylapore",63,20,554,"Under Repair"
332,Road,"Ambattur Road","Ambattur",67,78,187,"Operational"
333,Road,"Chromepet Road","Chromepet",23,27,416,"Maintenance"
334,Drainage,"Besant Nagar Drainage","Besant Nagar",54,58,287,"Operational"
335,Drainage,"Kilpauk Drainage","Kilpauk",85,99,103,"Faulty"
336,Pipeline,"Perungudi Pipeline","Perungudi",11,38,300,"Severely Damaged"
337,Drainage,"Saidapet Drainage","Saidapet",61,30,485,"Under Repair"
338,Pipeline,"Alwarpet Pipeline","Alwarpet",66,71,230,"Maintenance"
339,Bridge,"Kilpauk Bridge","Kilpauk",58,60,286,"Faulty"
340,Street Light,"Ambattur Street Light","Ambattur",92,63,368,"Operational"
341,Pipeline,"Tambaram Pipeline","Tambaram",56,66,236,"Operational"
342,Pipeline,"Besant Nagar Pipeline","Besant Nagar",68,87,137,"Under Repair"
343,Street Light,"Adyar Street Light","Adyar",22,15,474,"Maintenance"
344,Pipeline,"Avadi Pipeline","Avadi",97,58,424,"Severely Damaged"
345,Bridge,"Avadi Bridge","Avadi",8,35,310,"Operational"
346,Bridge,"Adyar Bridge","Adyar",38,33,420,"Faulty"
347,Bridge,"Saidapet Bridge","Saidapet",76,54,387,"Under Repair"
348,Pipeline,"Pallavaram Pipeline","Pallavaram",62,35,459,"Severely Damaged"
349,Pipeline,"Mogappair Pipeline","Mogappair",40,46,328,"Maintenance"
350,Street Light,"Triplicane Street Light","Triplicane",18,18,452,"Severely Damaged"
351,Bridge,"Washermanpet Bridge","Washermanpet",80,18,584,"Maintenance"
352,Bridge,"Ambattur Bridge","Ambattur",31,86,42,"Maintenance"
353,Pipeline,"T Nagar Pipeline","T Nagar",67,86,140,"Severely Damaged"
354,Street Light,"Tambaram Street Light","Tambaram",38,81,85,"Severely Damaged"
355,Pipeline,"Tondiarpet Pipeline","Tondiarpet",92,33,552,"Faulty"
356,Drainage,"Kolathur Drainage","Kolathur",13,43,269,"Faulty"
357,Bridge,"Porur Bridge","Porur",65,34,472,"Maintenance"
358,Pipeline,"Mylapore Pipeline","Mylapore",27,38,348,"Operational"
359,Drainage,"Washermanpet Drainage","Washermanpet",58,85,119,"Severely Damaged"
360,Drainage,"Besant Nagar Drainage","Besant Nagar",29,21,458,"Operational"
361,Bridge,"T Nagar Bridge","T Nagar",62,84,139,"Operational"
362,Pipeline,"Anna Nagar Pipeline","Anna Nagar",8,20,421,"Operational"
363,Drainage,"Mogappair Drainage","Mogappair",77,30,535,"Under Repair"
364,Bridge,"Washermanpet Bridge","Washermanpet",20,12,492,"Operational"
365,Pipeline,"Saidapet Pipeline","Saidapet",58,71,207,"Under Repair"
366,Street Light,"Royapettah Street Light","Royapettah",87,64,345,"Operational"
367,Street Light,"Kolathur Street Light","Kolathur",44,16,534,"Faulty"
368,Street Light,"Perambur Street Light","Perambur",13,73,70,"Severely Damaged"
369,Drainage,"Sholinganallur Drainage","Sholinganallur",10,46,239,"Severely Damaged"
370,Traffic Light,"Egmore Traffic Light","Egmore",51,51,325,"Under Repair"
371,Street Light,"Mylapore Street Light","Mylapore",55,12,568,"Faulty"
372,Street Light,"Mylapore Street Light","Mylapore",88,39,503,"Operational"
373,Road,"Mylapore Road","Mylapore",69,18,569,"Severely Damaged"
374,Road,"Mylapore Road","Mylapore",93,12,599,"Faulty"
375,Road,"Chromepet Road","Chromepet",89,38,517,"Severely Damaged"
376,Traffic Light,"Pallavaram Traffic Light","Pallavaram",77,73,251,"Maintenance"
377,Pipeline,"Washermanpet Pipeline","Washermanpet",96,42,510,"Under Repair"
378,Bridge,"Tambaram Bridge","Tambaram",66,94,80,"Under Repair"
379,Traffic Light,"Mogappair Traffic Light","Mogappair",82,73,266,"Maintenance"
380,Traffic Light,"Ambattur Traffic Light","Ambattur",83,59,370,"Faulty"
381,Drainage,"Porur Drainage","Porur",48,52,312,"Severely Damaged"
382,Street Light,"Sholinganallur Street Light","Sholinganallur",46,95,32,"Under Repair"
383,Bridge,"Chromepet Bridge","Chromepet",67,19,564,"Severely Damaged"
384,Pipeline,"Triplicane Pipeline","Triplicane",9,65,114,"Severely Damaged"
385,Drainage,"Porur Drainage","Porur",73,60,329,"Maintenance"
386,Road,"Washermanpet Road","Washermanpet",43,81,104,"Under Repair"
387,Bridge,"Sholinganallur Bridge","Sholinganallur",6,77,35,"Maintenance"
388,Road,"Mylapore Road","Mylapore",41,62,214,"Faulty"
389,Drainage,"Alwarpet Drainage","Alwarpet",67,30,504,"Maintenance"
390,Traffic Light,"Kodambakkam Traffic Light","Kodambakkam",27,36,361,"Under Repair"
391,Road,"Medavakkam Road","Medavakkam",78,55,385,"Faulty"
392,Traffic Light,"Porur Traffic Light","Porur",19,26,411,"Faulty"
393,Pipeline,"Ambattur Pipeline","Ambattur",64,35,465,"Operational"
394,Street Light,"Kolathur Street Light","Kolathur",22,56,200,"Maintenance"
395,Pipeline,"Nungambakkam Pipeline","Nungambakkam",82,85,184,"Faulty"
396,Pipeline,"Porur Pipeline","Porur",6,47,215,"Maintenance"
397,Traffic Light,"Tondiarpet Traffic Light","Tondiarpet",45,62,227,"Operational"
398,Bridge,"Adyar Bridge","Adyar",66,35,468,"Severely Damaged"
399,Pipeline,"Mylapore Pipeline","Mylapore",34,59,216,"Maintenance"
400,Pipeline,"Avadi Pipeline","Avadi",87,87,185,"Severely Damaged"
401,Street Light,"Guindy Street Light","Guindy",81,81,205,"Operational"
402,Traffic Light,"Besant Nagar Traffic Light","Besant Nagar",73,30,525,"Operational"
403,Drainage,"Ambattur Drainage","Ambattur",78,100,75,"Maintenance"
404,Pipeline,"Triplicane Pipeline","Triplicane",67,33,482,"Severely Damaged"
405,Pipeline,"Kilpauk Pipeline","Kilpauk",31,100,10,"Severely Damaged"
406,Road,"Pallavaram Road","Pallavaram",21,37,335,"Maintenance"
407,Bridge,"Tondiarpet Bridge","Tondiarpet",85,46,454,"Severely Damaged"
408,Bridge,"Washermanpet Bridge","Washermanpet",2,14,433,"Under Repair"
409,Street Light,"Guindy Street Light","Guindy",53,58,285,"Maintenance"
410,Street Light,"Kolathur Street Light","Kolathur",10,78,38,"Operational"
411,Street Light,"Ambattur Street Light","Ambattur",9,76,47,"Under Repair"
412,Road,"Velachery Road","Velachery",62,66,255,"Operational"
413,Street Light,"T Nagar Street Light","T Nagar",95,30,566,"Faulty"
414,Traffic Light,"Sholinganallur Traffic Light","Sholinganallur",22,70,117,"Severely Damaged"
415,Road,"Sholinganallur Road","Sholinganallur",18,25,413,"Maintenance"
416,Road,"Porur Road","Porur",29,84,48,"Maintenance"
417,Street Light,"Sholinganallur Street Light","Sholinganallur",33,58,223,"Maintenance"
418,Bridge,"Porur Bridge","Porur",75,70,264,"Under Repair"
419,Drainage,"Porur Drainage","Porur",27,64,171,"Severely Damaged"
420,Pipeline,"Thiruvanmiyur Pipeline","Thiruvanmiyur",8,71,67,"Faulty"
421,Traffic Light,"Adyar Traffic Light","Adyar",85,92,150,"Faulty"
422,Road,"Royapettah Road","Royapettah",82,49,431,"Faulty"
423,Traffic Light,"Medavakkam Traffic Light","Medavakkam",35,74,131,"Maintenance"
424,Pipeline,"Alwarpet Pipeline","Alwarpet",85,40,490,"Maintenance"
425,Traffic Light,"Alwarpet Traffic Light","Alwarpet",49,18,536,"Operational"
426,Drainage,"Kolathur Drainage","Kolathur",96,73,307,"Under Repair"
427,Drainage,"Tondiarpet Drainage","Tondiarpet",21,20,447,"Maintenance"
428,Road,"Mylapore Road","Mylapore",3,61,124,"Faulty"
429,Bridge,"Washermanpet Bridge","Washermanpet",38,36,399,"Severely Damaged"
430,Traffic Light,"Besant Nagar Traffic Light","Besant Nagar",100,71,334,"Faulty"
431,Traffic Light,"Avadi Traffic Light","Avadi",81,77,233,"Operational"
432,Road,"Anna Nagar Road","Anna Nagar",72,16,578,"Under Repair"
433,Pipeline,"Chromepet Pipeline","Chromepet",71,13,586,"Faulty"
434,Street Light,"Nungambakkam Street Light","Nungambakkam",64,41,432,"Maintenance"
435,Bridge,"Chromepet Bridge","Chromepet",74,62,317,"Under Repair"
436,Pipeline,"Chromepet Pipeline","Chromepet",62,47,393,"Operational"
437,Street Light,"Porur Street Light","Porur",67,65,279,"Maintenance"
438,Traffic Light,"Medavakkam Traffic Light","Medavakkam",19,81,41,"Operational"
439,Bridge,"Guindy Bridge","Guindy",100,94,175,"Operational"
440,Street Light,"Tambaram Street Light","Tambaram",44,59,247,"Severely Damaged"
441,Bridge,"Ambattur Bridge","Ambattur",73,74,228,"Operational"
442,Street Light,"T Nagar Street Light","T Nagar",57,91,76,"Faulty"
443,Road,"Tondiarpet Road","Tondiarpet",97,47,477,"Operational"
444,Bridge,"Washermanpet Bridge","Washermanpet",42,38,396,"Maintenance"
445,Pipeline,"Royapettah Pipeline","Royapettah",94,69,330,"Operational"
446,Street Light,"Thiruvanmiyur Street Light","Thiruvanmiyur",85,68,311,"Severely Damaged"
447,Traffic Light,"Avadi Traffic Light","Avadi",54,48,357,"Operational"
448,Traffic Light,"Kolathur Traffic Light","Kolathur",16,57,182,"Severely Damaged"
449,Drainage,"T Nagar Drainage","T Nagar",48,12,558,"Under Repair"
450,Street Light,"Anna Nagar Street Light","Anna Nagar",15,53,201,"Operational"
451,Street Light,"Besant Nagar Street Light","Besant Nagar",36,52,275,"Operational"
452,Road,"Avadi Road","Avadi",45,54,290,"Under Repair"
453,Traffic Light,"Anna Nagar Traffic Light","Anna Nagar",58,32,467,"Under Repair"
454,Traffic Light,"Royapettah Traffic Light","Royapettah",92,81,240,"Faulty"
455,Street Light,"Thiruvanmiyur Street Light","Thiruvanmiyur",41,39,388,"Operational"
456,Pipeline,"Mylapore Pipeline","Mylapore",20,55,202,"Severely Damaged"
457,Pipeline,"Porur Pipeline","Porur",32,34,394,"Maintenance"
458,Road,"Sholinganallur Road","Sholinganallur",58,76,176,"Severely Damaged"
459,Street Light,"T Nagar Street Light","T Nagar",88,20,587,"Faulty"
460,Drainage,"Guindy Drainage","Guindy",6,36,299,"Faulty"
461,Bridge,"Nungambakkam Bridge","Nungambakkam",83,54,408,"Severely Damaged"
462,Road,"Nungambakkam Road","Nungambakkam",85,59,376,"Severely Damaged"
463,Road,"Sholinganallur Road","Sholinganallur",89,42,487,"Severely Damaged"
464,Bridge,"Kolathur Bridge","Kolathur",17,29,384,"Faulty"
465,Traffic Light,"Adyar Traffic Light","Adyar",94,86,208,"Severely Damaged"
466,Road,"Kilpauk Road","Kilpauk",61,52,352,"Operational"
467,Road,"Velachery Road","Velachery",45,74,157,"Operational"
468,Pipeline,"Thiruvanmiyur Pipeline","Thiruvanmiyur",33,44,321,"Severely Damaged"
469,Pipeline,"Avadi Pipeline","Avadi",2,13,440,"Faulty"
470,Road,"Egmore Road","Egmore",79,74,248,"Faulty"
471,Road,"Adyar Road","Adyar",44,30,445,"Severely Damaged"
472,Pipeline,"Sholinganallur Pipeline","Sholinganallur",3,63,111,"Under Repair"
473,Road,"Tondiarpet Road","Tondiarpet",47,32,441,"Under Repair"
474,Road,"Saidapet Road","Saidapet",80,34,519,"Under Repair"
475,Bridge,"Besant Nagar Bridge","Besant Nagar",95,41,514,"Severely Damaged"
476,Drainage,"Porur Drainage","Porur",72,90,129,"Faulty"
477,Pipeline,"Tambaram Pipeline","Tambaram",32,54,245,"Operational"
478,Traffic Light,"Avadi Traffic Light","Avadi",43,88,57,"Under Repair"
479,Road,"Sholinganallur Road","Sholinganallur",56,95,52,"Under Repair"
480,Drainage,"Washermanpet Drainage","Washermanpet",39,36,403,"Faulty"
481,Street Light,"Triplicane Street Light","Triplicane",72,12,590,"Maintenance"
482,Pipeline,"Adyar Pipeline","Adyar",80,61,346,"Operational"
483,Road,"Medavakkam Road","Medavakkam",42,83,84,"Faulty"
484,Bridge,"Mogappair Bridge","Mogappair",69,24,547,"Severely Damaged"
485,Street Light,"Velachery Street Light","Velachery",59,60,291,"Maintenance"
486,Drainage,"Egmore Drainage","Egmore",74,39,466,"Under Repair"
487,Road,"Kolathur Road","Kolathur",83,13,594,"Operational"
488,Road,"Washermanpet Road","Washermanpet",28,56,220,"Severely Damaged"
489,Traffic Light,"Triplicane Traffic Light","Triplicane",4,65,95,"Severely Damaged"
490,Traffic Light,"Perambur Traffic Light","Perambur",40,79,110,"Maintenance"
491,Traffic Light,"Pallavaram Traffic Light","Pallavaram",23,28,410,"Maintenance"
492,Traffic Light,"Washermanpet Traffic Light","Washermanpet",15,28,386,"Operational"
493,Drainage,"Thiruvanmiyur Drainage","Thiruvanmiyur",5,25,373,"Under Repair"
494,Drainage,"Mylapore Drainage","Mylapore",67,46,414,"Faulty"
495,Street Light,"Tambaram Street Light","Tambaram",100,98,153,"Maintenance"
496,Street Light,"Adyar Street Light","Adyar",41,37,401,"Operational"
497,Road,"Kilpauk Road","Kilpauk",77,52,404,"Operational"
498,Drainage,"T Nagar Drainage","T Nagar",53,22,524,"Maintenance"
499,Drainage,"Guindy Drainage","Guindy",98,36,549,"Maintenance"
500,Road,"Porur Road","Porur",81,94,127,"Severely Damaged"
501,Drainage,"Mylapore Drainage","Mylapore",60,41,427,"Maintenance"
502,Road,"Perambur Road","Perambur",12,17,442,"Operational"
503,Road,"Velachery Road","Velachery",98,43,507,"Maintenance"
504,Road,"Thiruvanmiyur Road","Thiruvanmiyur",88,92,163,"Under Repair"
505,Drainage,"Saidapet Drainage","Saidapet",82,92,143,"Severely Damaged"
506,Street Light,"Pallavaram Street Light","Pallavaram",44,88,62,"Operational"
507,Street Light,"Washermanpet Street Light","Washermanpet",22,74,86,"Maintenance"
508,Road,"Triplicane Road","Triplicane",53,38,428,"Operational"
509,Bridge,"Avadi Bridge","Avadi",18,75,72,"Severely Damaged"
510,Bridge,"T Nagar Bridge","T Nagar",48,63,232,"Maintenance"
511,Road,"Besant Nagar Road","Besant Nagar",4,16,429,"Severely Damaged"
512,Street Light,"Mogappair Street Light","Mogappair",3,93,1,"Severely Damaged"
513,Traffic Light,"Medavakkam Traffic Light","Medavakkam",29,79,77,"Maintenance"
514,Bridge,"Kilpauk Bridge","Kilpauk",74,41,455,"Operational"
515,Drainage,"Perambur Drainage","Perambur",18,52,217,"Maintenance"
516,Street Light,"Alwarpet Street Light","Alwarpet",47,44,366,"Maintenance"
517,Road,"Royapettah Road","Royapettah",25,81,53,"Maintenance"
518,Street Light,"Besant Nagar Street Light","Besant Nagar",49,17,540,"Severely Damaged"
519,Road,"Pallavaram Road","Pallavaram",62,77,180,"Severely Damaged"
520,Pipeline,"Kolathur Pipeline","Kolathur",35,11,539,"Under Repair"
521,Street Light,"Kilpauk Street Light","Kilpauk",72,97,78,"Faulty"
522,Pipeline,"Adyar Pipeline","Adyar",59,56,316,"Maintenance"
523,Road,"Alwarpet Road","Alwarpet",76,69,277,"Faulty"
524,Road,"Pallavaram Road","Pallavaram",60,37,444,"Maintenance"
525,Road,"Alwarpet Road","Alwarpet",93,51,446,"Maintenance"
526,Pipeline,"Sholinganallur Pipeline","Sholinganallur",89,38,518,"Severely Damaged"
527,Pipeline,"Pallavaram Pipeline","Pallavaram",23,39,326,"Faulty"
528,Bridge,"Kilpauk Bridge","Kilpauk",52,26,489,"Operational"
529,Traffic Light,"Triplicane Traffic Light","Triplicane",69,29,522,"Severely Damaged"
530,Pipeline,"T Nagar Pipeline","T Nagar",36,11,542,"Maintenance"
531,Pipeline,"Ambattur Pipeline","Ambattur",60,88,106,"Severely Damaged"
532,Bridge,"Sholinganallur Bridge","Sholinganallur",38,79,100,"Maintenance"
533,Street Light,"Pallavaram Street Light","Pallavaram",36,31,426,"Operational"
534,Road,"Thiruvanmiyur Road","Thiruvanmiyur",86,77,246,"Under Repair"
535,Road,"Saidapet Road","Saidapet",51,16,548,"Faulty"
536,Traffic Light,"Sholinganallur Traffic Light","Sholinganallur",64,13,577,"Operational"
537,Drainage,"Besant Nagar Drainage","Besant Nagar",28,42,319,"Under Repair"
538,Traffic Light,"Kodambakkam Traffic Light","Kodambakkam",18,85,25,"Operational"
539,Bridge,"Adyar Bridge","Adyar",57,15,563,"Faulty"
540,Drainage,"Chromepet Drainage","Chromepet",87,80,229,"Faulty"
541,Road,"Medavakkam Road","Medavakkam",84,30,550,"Faulty"
542,Pipeline,"Tondiarpet Pipeline","Tondiarpet",70,38,461,"Faulty"
543,Traffic Light,"Porur Traffic Light","Porur",41,55,268,"Operational"
544,Road,"Perambur Road","Perambur",51,17,543,"Operational"
545,Traffic Light,"Porur Traffic Light","Porur",92,80,242,"Under Repair"
546,Road,"Egmore Road","Egmore",87,63,353,"Under Repair"
547,Street Light,"Nungambakkam Street Light","Nungambakkam",61,10,583,"Faulty"
548,Traffic Light,"Kodambakkam Traffic Light","Kodambakkam",88,34,538,"Severely Damaged"
549,Drainage,"Kilpauk Drainage","Kilpauk",60,95,58,"Maintenance"
550,Street Light,"Mylapore Street Light","Mylapore",81,24,567,"Maintenance"
551,Pipeline,"Guindy Pipeline","Guindy",100,29,575,"Severely Damaged"
552,Pipeline,"Tambaram Pipeline","Tambaram",19,78,56,"Severely Damaged"
553,Pipeline,"Kolathur Pipeline","Kolathur",34,53,262,"Under Repair"
554,Street Light,"Royapettah Street Light","Royapettah",77,54,390,"Severely Damaged"
555,Traffic Light,"Avadi Traffic Light","Avadi",56,72,193,"Maintenance"
556,Road,"Tondiarpet Road","Tondiarpet",18,77,59,"Severely Damaged"
557,Pipeline,"Tambaram Pipeline","Tambaram",83,80,213,"Maintenance"
558,Street Light,"Triplicane Street Light","Triplicane",73,49,412,"Severely Damaged"
559,Drainage,"Anna Nagar Drainage","Anna Nagar",73,16,580,"Operational"
560,Pipeline,"Saidapet Pipeline","Saidapet",62,99,46,"Operational"
561,Street Light,"Mogappair Street Light","Mogappair",32,38,363,"Operational"
562,Road,"Medavakkam Road","Medavakkam",72,82,177,"Faulty"
563,Road,"Egmore Road","Egmore",33,22,462,"Operational"
564,Drainage,"Medavakkam Drainage","Medavakkam",95,47,470,"Maintenance"
565,Bridge,"Thiruvanmiyur Bridge","Thiruvanmiyur",99,36,551,"Faulty"
566,Road,"Triplicane Road","Triplicane",16,77,54,"Severely Damaged"
567,Traffic Light,"Sholinganallur Traffic Light","Sholinganallur",66,90,112,"Under Repair"
568,Street Light,"Thiruvanmiyur Street Light","Thiruvanmiyur",86,71,294,"Severely Damaged"
569,Bridge,"Medavakkam Bridge","Medavakkam",83,81,210,"Operational"
570,Street Light,"Medavakkam Street Light","Medavakkam",86,61,364,"Under Repair"
571,Street Light,"Chromepet Street Light","Chromepet",12,58,168,"Severely Damaged"
572,Road,"Kodambakkam Road","Kodambakkam",89,14,597,"Maintenance"
573,Traffic Light,"Perambur Traffic Light","Perambur",5,59,144,"Faulty"
574,Pipeline,"Medavakkam Pipeline","Medavakkam",15,23,422,"Maintenance"
575,Traffic Light,"Alwarpet Traffic Light","Alwarpet",46,65,211,"Faulty"
576,Bridge,"Mogappair Bridge","Mogappair",86,89,173,"Faulty"
577,Bridge,"Kilpauk Bridge","Kilpauk",16,44,270,"Under Repair"
578,Road,"Perambur Road","Perambur",92,76,276,"Faulty"
579,Pipeline,"Chromepet Pipeline","Chromepet",91,99,122,"Faulty"
580,Pipeline,"Chromepet Pipeline","Chromepet",29,23,450,"Under Repair"
581,Road,"Sholinganallur Road","Sholinganallur",80,29,544,"Severely Damaged"
582,Bridge,"T Nagar Bridge","T Nagar",65,77,188,"Severely Damaged"
583,Street Light,"Royapettah Street Light","Royapettah",0,36,282,"Maintenance"
584,Street Light,"Guindy Street Light","Guindy",7,89,12,"Severely Damaged"
585,Traffic Light,"Triplicane Traffic Light","Triplicane",25,80,60,"Operational"
586,Bridge,"Pallavaram Bridge","Pallavaram",87,37,520,"Under Repair"
587,Road,"Ambattur Road","Ambattur",67,26,533,"Severely Damaged"
588,Traffic Light,"Adyar Traffic Light","Adyar",86,79,235,"Operational"
589,Traffic Light,"Pallavaram Traffic Light","Pallavaram",54,14,562,"Faulty"
590,Street Light,"Thiruvanmiyur Street Light","Thiruvanmiyur",58,58,301,"Maintenance"
591,Traffic Light,"Adyar Traffic Light","Adyar",55,15,559,"Under Repair"
592,Road,"Alwarpet Road","Alwarpet",29,60,196,"Maintenance"
593,Road,"Mylapore Road","Mylapore",95,64,371,"Under Repair"
594,Pipeline,"Egmore Pipeline","Egmore",78,11,593,"Maintenance"
595,Street Light,"Kodambakkam Street Light","Kodambakkam",30,98,15,"Maintenance"
596,Road,"Ambattur Road","Ambattur",12,89,17,"Operational"
597,Pipeline,"Adyar Pipeline","Adyar",85,99,105,"Severely Damaged"
598,Drainage,"Egmore Drainage","Egmore",17,97,2,"Under Repair"
599,Pipeline,"Avadi Pipeline","Avadi",92,85,209,"Under Repair"
600,Pipeline,"Mylapore Pipeline","Mylapore",43,37,406,"Operational"
601,Drainage,"Porur Drainage","Porur",45,85,81,"Operational"
602,Traffic Light,"Triplicane Traffic Light","Triplicane",37,94,23,"Severely Damaged"
603,Road,"Chromepet Road","Chromepet",49,53,305,"Under Repair"
604,Drainage,"Kodambakkam Drainage","Kodambakkam",61,45,405,"Operational"
605,Pipeline,"Kilpauk Pipeline","Kilpauk",50,81,125,"Faulty"
606,Street Light,"Mogappair Street Light","Mogappair",28,73,116,"Faulty"
607,Pipeline,"Saidapet Pipeline","Saidapet",85,35,527,"Faulty"
608,Pipeline,"T Nagar Pipeline","T Nagar",16,10,493,"Operational"
609,Bridge,"Velachery Bridge","Velachery",91,73,295,"Under Repair"
610,Pipeline,"Porur Pipeline","Porur",93,24,582,"Severely Damaged"
611,Road,"Avadi Road","Avadi",36,65,186,"Faulty"
612,Road,"Nungambakkam Road","Nungambakkam",7,43,250,"Under Repair"
613,Drainage,"Anna Nagar Drainage","Anna Nagar",46,46,349,"Faulty"
614,Bridge,"Ambattur Bridge","Ambattur",28,14,500,"Operational"
615,Street Light,"Thiruvanmiyur Street Light","Thiruvanmiyur",53,53,318,"Severely Damaged"
616,Pipeline,"Nungambakkam Pipeline","Nungambakkam",40,37,397,"Faulty"
617,Road,"Egmore Road","Egmore",17,90,19,"Faulty"
618,Drainage,"Kilpauk Drainage","Kilpauk",68,95,79,"Under Repair"
619,Road,"Anna Nagar Road","Anna Nagar",60,42,425,"Operational"
620,Street Light,"Kolathur Street Light","Kolathur",40,44,342,"Maintenance"
621,Traffic Light,"Kolathur Traffic Light","Kolathur",8,41,267,"Faulty"
622,Pipeline,"Thiruvanmiyur Pipeline","Thiruvanmiyur",72,75,219,"Faulty"
623,Drainage,"Washermanpet Drainage","Washermanpet",26,68,145,"Faulty"
624,Pipeline,"Washermanpet Pipeline","Washermanpet",18,50,234,"Under Repair"
625,Drainage,"Triplicane Drainage","Triplicane",74,30,529,"Severely Damaged"
626,Traffic Light,"Tambaram Traffic Light","Tambaram",65,54,350,"Faulty"
627,Street Light,"Sholinganallur Street Light","Sholinganallur",97,26,581,"Operational"
628,Traffic Light,"Egmore Traffic Light","Egmore",75,25,556,"Maintenance"
629,Traffic Light,"Saidapet Traffic Light","Saidapet",87,62,358,"Severely Damaged"
630,Bridge,"Ambattur Bridge","Ambattur",32,53,258,"Maintenance"
631,Street Light,"Avadi Street Light","Avadi",1,78,24,"Severely Damaged"
632,Road,"Perungudi Road","Perungudi",32,72,133,"Maintenance"
633,Pipeline,"Avadi Pipeline","Avadi",55,70,203,"Under Repair"
634,Drainage,"Sholinganallur Drainage","Sholinganallur",9,54,183,"Severely Damaged"
635,Road,"Kodambakkam Road","Kodambakkam",60,48,379,"Severely Damaged"
636,Drainage,"Avadi Drainage","Avadi",15,91,16,"Operational"
637,Pipeline,"Ambattur Pipeline","Ambattur",73,26,545,"Severely Damaged"
638,Street Light,"Washermanpet Street Light","Washermanpet",18,10,499,"Maintenance"
639,Road,"T Nagar Road","T Nagar",44,87,65,"Maintenance"
640,Road,"Mogappair Road","Mogappair",40,59,238,"Under Repair"
641,Drainage,"Ambattur Drainage","Ambattur",47,54,297,"Under Repair"
642,Traffic Light,"Velachery Traffic Light","Velachery",83,72,278,"Operational"
643,Street Light,"Ambattur Street Light","Ambattur",6,19,423,"Maintenance"
644,Drainage,"Kodambakkam Drainage","Kodambakkam",20,28,402,"Maintenance"
645,Street Light,"Chromepet Street Light","Chromepet",8,32,332,"Maintenance"
646,Pipeline,"Egmore Pipeline","Egmore",100,68,355,"Under Repair"
647,Traffic Light,"Tondiarpet Traffic Light","Tondiarpet",100,76,302,"Faulty"
648,Bridge,"Besant Nagar Bridge","Besant Nagar",12,13,463,"Faulty"
649,Pipeline,"Kodambakkam Pipeline","Kodambakkam",53,81,134,"Maintenance"
650,Road,"Washermanpet Road","Washermanpet",60,55,324,"Faulty"
651,Road,"Pallavaram Road","Pallavaram",69,88,132,"Faulty"
652,Drainage,"Tambaram Drainage","Tambaram",68,52,374,"Maintenance"
653,Bridge,"Washermanpet Bridge","Washermanpet",95,41,515,"Severely Damaged"
654,Pipeline,"Mogappair Pipeline","Mogappair",86,99,108,"Faulty"
655,Road,"Pallavaram Road","Pallavaram",37,29,434,"Severely Damaged"
656,Drainage,"Mylapore Drainage","Mylapore",79,97,97,"Operational"
657,Street Light,"Saidapet Street Light","Saidapet",29,36,367,"Operational"
658,Drainage,"Sholinganallur Drainage","Sholinganallur",7,52,189,"Maintenance"
659,Bridge,"Tambaram Bridge","Tambaram",81,66,314,"Operational"
660,Street Light,"Anna Nagar Street Light","Anna Nagar",7,72,63,"Faulty"
661,Street Light,"Nungambakkam Street Light","Nungambakkam",61,58,308,"Under Repair"
662,Street Light,"Chromepet Street Light","Chromepet",13,66,118,"Faulty"
663,Bridge,"T Nagar Bridge","T Nagar",66,14,576,"Under Repair"
664,Drainage,"Triplicane Drainage","Triplicane",66,33,480,"Severely Damaged"
665,Traffic Light,"Tondiarpet Traffic Light","Tondiarpet",30,34,389,"Maintenance"
666,Drainage,"Nungambakkam Drainage","Nungambakkam",55,26,496,"Under Repair"
667,Bridge,"Guindy Bridge","Guindy",92,80,243,"Faulty"
668,Road,"Mylapore Road","Mylapore",60,24,530,"Faulty"
669,Pipeline,"Perambur Pipeline","Perambur",73,31,521,"Under Repair"
670,Drainage,"Anna Nagar Drainage","Anna Nagar",25,96,14,"Severely Damaged"
671,Drainage,"Nungambakkam Drainage","Nungambakkam",9,31,339,"Severely Damaged"
672,Bridge,"Mogappair Bridge","Mogappair",61,11,579,"Maintenance"
673,Traffic Light,"Thiruvanmiyur Traffic Light","Thiruvanmiyur",55,10,573,"Under Repair"
674,Drainage,"Mogappair Drainage","Mogappair",16,62,154,"Operational"
675,Pipeline,"Avadi Pipeline","Avadi",9,81,26,"Severely Damaged"
676,Traffic Light,"Alwarpet Traffic Light","Alwarpet",42,46,336,"Operational"
677,Road,"Tambaram Road","Tambaram",20,47,261,"Maintenance"
678,Road,"Mylapore Road","Mylapore",43,43,359,"Faulty"
679,Traffic Light,"Adyar Traffic Light","Adyar",51,98,28,"Severely Damaged"
680,Bridge,"Saidapet Bridge","Saidapet",79,63,327,"Maintenance"
681,Bridge,"Kolathur Bridge","Kolathur",60,32,471,"Operational"
682,Street Light,"Avadi Street Light","Avadi",74,54,380,"Operational"
683,Street Light,"Tambaram Street Light","Tambaram",80,82,194,"Faulty"
684,Road,"T Nagar Road","T Nagar",52,58,283,"Faulty"
685,Traffic Light,"Pallavaram Traffic Light","Pallavaram",53,27,483,"Operational"
686,Pipeline,"Perungudi Pipeline","Perungudi",86,100,96,"Under Repair"
687,Drainage,"Kodambakkam Drainage","Kodambakkam",63,15,570,"Severely Damaged"
688,Traffic Light,"Mogappair Traffic Light","Mogappair",91,87,191,"Faulty"
689,Pipeline,"Sholinganallur Pipeline","Sholinganallur",60,44,409,"Operational"
690,Road,"Pallavaram Road","Pallavaram",89,36,532,"Under Repair"
691,Road,"Avadi Road","Avadi",13,70,88,"Severely Damaged"
692,Bridge,"Nungambakkam Bridge","Nungambakkam",27,85,39,"Under Repair"
693,Street Light,"Guindy Street Light","Guindy",20,59,181,"Severely Damaged"
694,Bridge,"Chromepet Bridge","Chromepet",82,57,383,"Maintenance"
695,Drainage,"Medavakkam Drainage","Medavakkam",69,84,159,"Faulty"
696,Pipeline,"Sholinganallur Pipeline","Sholinganallur",39,21,484,"Severely Damaged"
697,Pipeline,"Egmore Pipeline","Egmore",82,62,343,"Faulty"
698,Bridge,"Ambattur Bridge","Ambattur",73,64,303,"Faulty"
699,Drainage,"Adyar Drainage","Adyar",100,51,460,"Maintenance"
700,Street Light,"Anna Nagar Street Light","Anna Nagar",21,96,9,"Severely Damaged"
